"Archive","Entry","Bytes","SHA256"
"F:\DAC test\FIXED60_PHASE40K_INTEGRATION.zip","FIXED60_PHASE40K_INTEGRATION/MATLAB/stage17_model_60hz.m","4815","EA6674FDB66394C3B62B3C3BA2A886D3C06ADAAF21ADBC6EB61858AD1C50DD76"
"F:\DAC test\FIXED60_PHASE40K_INTEGRATION.zip","FIXED60_PHASE40K_INTEGRATION/MATLAB/firmware_config.m","1041","EAC61689754FAEF6FBEF6707FDBAF6BB0798224ADB35C40D3D2E2274BD1B3871"
"F:\DAC test\FIXED60_PHASE40K_INTEGRATION.zip","FIXED60_PHASE40K_INTEGRATION/MATLAB/sin_table.csv","2259","B4D598483BBF084B8B577EEAA3FD6C60C8F8F582BAA3FE0693CA2505557AF8F0"
"F:\DAC test\FIXED60_PHASE40K_INTEGRATION.zip","FIXED60_PHASE40K_INTEGRATION/MATLAB/vref_table.csv","1607","61667C7DF0858F746E0A4951E279F525B3001F523A2E708C001A81DC160B6BE6"
"F:\DAC test\FIXED60_PHASE40K_INTEGRATION.zip","FIXED60_PHASE40K_INTEGRATION/MATLAB/reference_metrics.m","1766","88D29F1898349D334C9925CDB95869FB95951246A07A3699C6A02C76E0703EE3"
"F:\DAC test\FIXED60_PHASE40K_INTEGRATION.zip","FIXED60_PHASE40K_INTEGRATION/MATLAB/sine_q15_ticks.m","422","AEBDAF4F62EF31BFF058CAAFC7EBE103C8248D4F4CB72705DC3D401E1B88A522"
"F:\DAC test\FIXED60_PHASE40K_INTEGRATION.zip","FIXED60_PHASE40K_INTEGRATION/MATLAB/phase_delivery_8tick.m","1810","9CF7904F48C405569B2E25508D97FE4C5A4839A34D17C2BFB769CACD8CA473D0"
"F:\DAC test\FIXED60_PHASE40K_INTEGRATION.zip","FIXED60_PHASE40K_INTEGRATION/MATLAB/check_delivery_vectors.m","1549","2E689FE97EFD57F360C8AA9AB505E750135562613A6654D97FF2DA133E7EE969"
"F:\DAC test\FIXED60_PHASE40K_INTEGRATION.zip","FIXED60_PHASE40K_INTEGRATION/MATLAB/run_fixed60_phase40k.m","9178","5C4520E935FB1D552D0CE693564F0CEE1D5881DD6DBAB1D24330063501BE2CD0"
"F:\DAC test\FIXED60_PHASE40K_INTEGRATION.zip","FIXED60_PHASE40K_INTEGRATION/MATLAB/plot_fixed60_integration.m","3333","5A13D26F09C14C149530F3192EA5BD43492D0B9FCEF770781CD342297C2AB4A1"
"F:\DAC test\FIXED60_PHASE40K_INTEGRATION.zip","FIXED60_PHASE40K_INTEGRATION/MATLAB/README.md","740","85A12EF6244DBF7C94145720CF950A667B055197F53023191CBF675B0943B964"
"F:\DAC test\FIXED60_PHASE40K_INTEGRATION.zip","FIXED60_PHASE40K_INTEGRATION/MATLAB/INTEGRATION_GUIDE.md","11888","5AA5548D4B3A7FE750F551341DC3BFD8494C69D6912FD00AAF81C65A96876A08"
"F:\DAC test\FIXED60_PHASE40K_INTEGRATION.zip","FIXED60_PHASE40K_INTEGRATION/VERILOG/fixed60_pll_5k_candidate.v","12236","9BD421F6A95609065698CB24AA1C920CB1742E4B38518DC6220F8DABEA29E44C"
"F:\DAC test\FIXED60_PHASE40K_INTEGRATION.zip","FIXED60_PHASE40K_INTEGRATION/VERILOG/fixed60_pll_phase40k_candidate.v","15317","A4BE11244FB417D0D769E72C96482A7B40CC004FF2E9203FB35901E839844CE6"
"F:\DAC test\FIXED60_PHASE40K_INTEGRATION.zip","FIXED60_PHASE40K_INTEGRATION/RESULTS/INVENTORY_BEFORE.csv","8337","47B489AB0EC61C4221F971EA8ADF33CDD695950CB1024B77CB965439B941202E"
"F:\DAC test\FIXED60_PHASE40K_INTEGRATION.zip","FIXED60_PHASE40K_INTEGRATION/RESULTS/OLD_FILES_SHA256.csv","14476","6EF32093C20A806DCA3BE0B0CA7E6D68BC64C79E0EA4D8537824135C48F88C55"
"F:\DAC test\FIXED60_PHASE40K_INTEGRATION.zip","FIXED60_PHASE40K_INTEGRATION/RESULTS/FIRMWARE_SHA256.csv","433","7DA866CC56CCE3214E0605218C88D10D661DC6A622C2632A7BD28C39334F231D"
"F:\DAC test\FIXED60_PHASE40K_INTEGRATION.zip","FIXED60_PHASE40K_INTEGRATION/RESULTS/MODEL_SOURCE_SHA256.csv","323","91279D23D656E9ECC4372C98E59CA75B9250C6064E67AE677C541B76A9FAFFB1"
"F:\DAC test\FIXED60_PHASE40K_INTEGRATION.zip","FIXED60_PHASE40K_INTEGRATION/RESULTS/README.md","834","ED738B49E8F5F6B6D316205C14C46744FCE90BEF50758582CDF6DFEAD8A739B8"
"F:\DAC test\FIXED60_PHASE40K_INTEGRATION.zip","FIXED60_PHASE40K_INTEGRATION/RESULTS/INVENTORY_CLASSIFICATION.md","1907","0568E6EBB379FC2E878FAF4851F2B20552D44BC2A317CFC5AF66E3AE0B3BE165"
"F:\DAC test\FIXED60_PHASE40K_INTEGRATION.zip","FIXED60_PHASE40K_INTEGRATION/RESULTS/DELIVERY_INPUT_SHA256.csv","761","116E28CAB197A5F8601F37B56C7E4EF66302983E11931E018A5571620CF170EE"
"F:\DAC test\FIXED60_PHASE40K_INTEGRATION.zip","FIXED60_PHASE40K_INTEGRATION/RESULTS/DELIVERY_PREPARATION.md","659","F888C33F4F77A32ACAF906E708608802637574FB04CFB63B449E0541949ABE49"
"F:\DAC test\FIXED60_PHASE40K_INTEGRATION.zip","FIXED60_PHASE40K_INTEGRATION/README.md","11888","5AA5548D4B3A7FE750F551341DC3BFD8494C69D6912FD00AAF81C65A96876A08"
"F:\DAC test\FIXED60_PHASE40K_INTEGRATION\MATLAB.zip","MATLAB/stage17_model_60hz.m","4815","EA6674FDB66394C3B62B3C3BA2A886D3C06ADAAF21ADBC6EB61858AD1C50DD76"
"F:\DAC test\FIXED60_PHASE40K_INTEGRATION\MATLAB.zip","MATLAB/firmware_config.m","1041","EAC61689754FAEF6FBEF6707FDBAF6BB0798224ADB35C40D3D2E2274BD1B3871"
"F:\DAC test\FIXED60_PHASE40K_INTEGRATION\MATLAB.zip","MATLAB/sin_table.csv","2259","B4D598483BBF084B8B577EEAA3FD6C60C8F8F582BAA3FE0693CA2505557AF8F0"
"F:\DAC test\FIXED60_PHASE40K_INTEGRATION\MATLAB.zip","MATLAB/vref_table.csv","1607","61667C7DF0858F746E0A4951E279F525B3001F523A2E708C001A81DC160B6BE6"
"F:\DAC test\FIXED60_PHASE40K_INTEGRATION\MATLAB.zip","MATLAB/reference_metrics.m","1766","88D29F1898349D334C9925CDB95869FB95951246A07A3699C6A02C76E0703EE3"
"F:\DAC test\FIXED60_PHASE40K_INTEGRATION\MATLAB.zip","MATLAB/sine_q15_ticks.m","422","AEBDAF4F62EF31BFF058CAAFC7EBE103C8248D4F4CB72705DC3D401E1B88A522"
"F:\DAC test\FIXED60_PHASE40K_INTEGRATION\MATLAB.zip","MATLAB/phase_delivery_8tick.m","1810","9CF7904F48C405569B2E25508D97FE4C5A4839A34D17C2BFB769CACD8CA473D0"
"F:\DAC test\FIXED60_PHASE40K_INTEGRATION\MATLAB.zip","MATLAB/check_delivery_vectors.m","1549","2E689FE97EFD57F360C8AA9AB505E750135562613A6654D97FF2DA133E7EE969"
"F:\DAC test\FIXED60_PHASE40K_INTEGRATION\MATLAB.zip","MATLAB/run_fixed60_phase40k.m","9178","5C4520E935FB1D552D0CE693564F0CEE1D5881DD6DBAB1D24330063501BE2CD0"
"F:\DAC test\FIXED60_PHASE40K_INTEGRATION\MATLAB.zip","MATLAB/plot_fixed60_integration.m","3333","5A13D26F09C14C149530F3192EA5BD43492D0B9FCEF770781CD342297C2AB4A1"
"F:\DAC test\FIXED60_PHASE40K_INTEGRATION\MATLAB.zip","MATLAB/README.md","740","85A12EF6244DBF7C94145720CF950A667B055197F53023191CBF675B0943B964"
"F:\DAC test\FIXED60_PHASE40K_INTEGRATION\MATLAB.zip","MATLAB/INTEGRATION_GUIDE.md","11888","5AA5548D4B3A7FE750F551341DC3BFD8494C69D6912FD00AAF81C65A96876A08"
"F:\DAC test\FIXED60_PHASE40K_INTEGRATION\MATLAB.zip","MATLAB/export_fixed60_phase40k_short_golden.m","3007","CC89E989CBA6CF7C6E616C30C62AFDC327B7AA5A919157DA85BEE9B5C575D4E6"
