"Root","RelativePath","FullPath","Bytes","LastWriteTime","SHA256"
"F:\DAC test","bus_to_voltage-main.c","F:\DAC test\bus_to_voltage-main.c","5138","2026-08-25T15:41:36.0000000+08:00","00BB593B0BB7B669EC1E2189A99B4757F6D526483880E0A062455E70D1A43B91"
"F:\DAC test","bus_to_voltage.info","F:\DAC test\bus_to_voltage.info","206","2026-08-25T15:41:36.0000000+08:00","A8306ECC2986A209E786BB0DFCC0F3CFDEA77942D32243EE48BA97E13DD3963D"
"F:\DAC test","bus_to_voltage.mak","F:\DAC test\bus_to_voltage.mak","87","2026-08-25T15:41:36.0000000+08:00","E24168BC0F36BBF0C3822C6027EBABBE59A69A4CEEA102E0DAEAE5424A569D55"
"F:\DAC test","bus_to_voltage.va","F:\DAC test\bus_to_voltage.va","2945","2026-08-25T15:38:34.0000000+08:00","AE714833F290644BA4DF962DB749EE3A0118CB59282D540A6A9DAE0C18BCA87F"
"F:\DAC test","dac_test_source.v","F:\DAC test\dac_test_source.v","1199","2026-08-25T15:38:32.0000000+08:00","9D4814F80F14B0E0F11ACB65175B88BC0E239DA1F1DCB8022143F98CA44DE553"
"F:\DAC test","dac_test_source.v.log","F:\DAC test\dac_test_source.v.log","1072","2026-08-25T15:40:20.0000000+08:00","BAB41EC22E873811CBBFAF6BDAF8F06E80399A3935D4FFB207E52CE0A0BC5EB7"
"F:\DAC test","dac_test_source.vvp","F:\DAC test\dac_test_source.vvp","2660","2026-08-25T15:40:18.0000000+08:00","88D7B105A25D29FEC6C7E56820573F572F4582AB764FE95F196422C95A6F7AFB"
"F:\DAC test","design.net","F:\DAC test\design.net","10462","2026-09-10T19:19:10.0000000+08:00","B42481B7E6806728293E30538ACE3B408659C7BA5F1EEB59D723D12EFD3AD888"
"F:\DAC test","design.out","F:\DAC test\design.out","17342","2026-09-10T19:20:04.0000000+08:00","956B725862351D96B78E533274B0701D08B5F04393D34ED36E4EFFB3738F3ECB"
"F:\DAC test","inverter_controller.v","F:\DAC test\inverter_controller.v","6740","2026-08-25T20:20:06.0000000+08:00","C693A881D98DD3BEF9AF4007684B35D8F6CF95EFFCAAB20F694DA6AC00BAC6AA"
"F:\DAC test","inverter_controller.v.log","F:\DAC test\inverter_controller.v.log","1072","2026-08-25T20:21:46.0000000+08:00","E17A964FC731DF24CBB06CB30296CE50F2D1CF843929CDEE4C4B0261BDD06DCE"
"F:\DAC test","inverter_controller.vvp","F:\DAC test\inverter_controller.vvp","9132","2026-08-25T20:21:46.0000000+08:00","2EB8D245CC2C5F3BA3F731D06C87A2BF3F1D58DCFC5C89AE72F1EF031E5A64DD"
"F:\DAC test","PLL_ACTIVE_PATH_AUDIT.md","F:\DAC test\PLL_ACTIVE_PATH_AUDIT.md","28213","2026-08-26T01:22:08.0000000+08:00","3E1CB694B4C1CFCED28B0A1EDED9D11272F55E4041D7A376C174C3B07135AE58"
"F:\DAC test","PLL_AMPLITUDE_PHASE_ANALYSIS.md","F:\DAC test\PLL_AMPLITUDE_PHASE_ANALYSIS.md","7585","2026-08-26T02:15:40.0000000+08:00","4BF1FDD8CC348A78515AF08F7BC22355DCAC36407223EFDE0D3B235695014407"
"F:\DAC test","pll_lock_test.va","F:\DAC test\pll_lock_test.va","32231","2026-08-26T02:10:22.0000000+08:00","E0607E7991D8B7B930427D44C301ACD933F76F1B7B73EF36E7E3239B16E452BB"
"F:\DAC test","PLL_PHASE_COMP_SWEEP.md","F:\DAC test\PLL_PHASE_COMP_SWEEP.md","11283","2026-08-26T02:29:52.0000000+08:00","083C091A5E867F5A95FCD9FB9DDE09E9636929ECBFE91C19ECA4367A1558D23B"
"F:\DAC test","README_PLL_FEASIBILITY.md","F:\DAC test\README_PLL_FEASIBILITY.md","5388","2026-08-25T21:03:24.0000000+08:00","94C4025BE851E86D68DD6002CA05C348D30FF8F294E74B7EA82BB0426BF90210"
"F:\DAC test","vsx_root.v","F:\DAC test\vsx_root.v","52164","2026-09-10T19:19:10.0000000+08:00","29F04AE671DBFCBBF362E68743EBC8DF44FA0EBE172D77E5084C6027F14711D5"
"F:\DAC test","vsx_root.v.log","F:\DAC test\vsx_root.v.log","1072","2026-09-10T19:23:52.0000000+08:00","CE8117544E2A15C937923B0C2935AB084E1565E36219A2A8803FBF4B97772498"
"F:\DAC test","vsx_root.vvp","F:\DAC test\vsx_root.vvp","182870","2026-09-10T19:19:10.0000000+08:00","A75F897DBCF89A8C129FAF228A64EF9EEB783671A4A567DD8C2627C8EBD8A47E"
"F:\DAC test","CURRENT_POLARITY_STARTUP_CONTRACT_AUDIT.md","F:\DAC test\CURRENT_POLARITY_STARTUP_CONTRACT_AUDIT.md","10762","2026-08-26T15:26:36.0000000+08:00","F3224942B9CDA0F769B29A862778F28FEFC6AEC9675F44FCB08C8B4CA27CD098"
"F:\DAC test","CURRENT_REFERENCE_INTERPOLATION_INTENT_AUDIT.md","F:\DAC test\CURRENT_REFERENCE_INTERPOLATION_INTENT_AUDIT.md","10382","2026-08-26T15:00:00.0000000+08:00","A7E61C7DA2280D50A7F2041AB870B54696AD5BEF96D270D3880C7F8E161289E5"
"F:\DAC test","CURRENT_REFERENCE_PHASE_ALIGNMENT.md","F:\DAC test\CURRENT_REFERENCE_PHASE_ALIGNMENT.md","7246","2026-08-26T14:37:22.0000000+08:00","692AB2C23CC285A69FACE5693FAEEB1D004A5B0C3957CD4B150913AD727D0760"
"F:\DAC test","FULL_CONTROLLER_DRY_RUN_STAGE1.md","F:\DAC test\FULL_CONTROLLER_DRY_RUN_STAGE1.md","10099","2026-08-26T14:45:02.0000000+08:00","AC61CFC05BFD8F121CDD526C86759839EBD90E03AEB0E6CA13081365F6A8966C"
"F:\DAC test","FULL_CONTROLLER_DRY_RUN_STAGE1_CONTINUATION.md","F:\DAC test\FULL_CONTROLLER_DRY_RUN_STAGE1_CONTINUATION.md","10455","2026-08-26T15:08:24.0000000+08:00","D7F4EB3400CE46B0CE19D0ECF2CED39090B59B5D482A81B37EF7EBB8FAA12ED2"
"F:\DAC test","FULL_CONTROLLER_DRY_RUN_STAGE1_FINAL.md","F:\DAC test\FULL_CONTROLLER_DRY_RUN_STAGE1_FINAL.md","9977","2026-08-26T15:46:38.0000000+08:00","4171A9BCE3529A89E2829CD3A381CEEE7CDE6383EF30FC96279E53A8D58A8346"
"F:\DAC test","FULL_CONTROLLER_SIMULATION_PLAN.md","F:\DAC test\FULL_CONTROLLER_SIMULATION_PLAN.md","17815","2026-08-26T12:37:50.0000000+08:00","93312EC06B20DA5CE97B822A0B074C307983DB89655BDBC7C6B0833F0392238B"
"F:\DAC test","FULL_CONTROLLER_STAGE2_SIMPLIFIED_PLANT.md","F:\DAC test\FULL_CONTROLLER_STAGE2_SIMPLIFIED_PLANT.md","8581","2026-08-26T16:00:40.0000000+08:00","0F9D812E327991A7766D3396632C8C24E948848209EB17A45F02B5AB4EBA886C"
"F:\DAC test","PLL_PHASE_COMP_ROBUSTNESS.md","F:\DAC test\PLL_PHASE_COMP_ROBUSTNESS.md","8838","2026-08-26T12:21:22.0000000+08:00","82776707ADAB5786CA7782C056C470FA1263F7F6AEB240B4064C1675FD210216"
"F:\DAC test","PLL_STAGE3D_ACTIVE_FEASIBILITY.md","F:\DAC test\PLL_STAGE3D_ACTIVE_FEASIBILITY.md","11466","2026-08-26T14:03:48.0000000+08:00","BCA49637F4C1E57D97062F2F80C0CF0BBE4FF9D3D8568E8623574BBD06CEB04B"
"F:\DAC test","pll_stage3d_active_test.va","F:\DAC test\pll_stage3d_active_test.va","9381","2026-08-26T14:34:50.0000000+08:00","833A1ACC969CD9C1A3E84917CD1E7EC8C5DB84C4CF0253B6B831103405B116F2"
"F:\DAC test","PLL_STAGE3D_PHASE_COMP_SWEEP.md","F:\DAC test\PLL_STAGE3D_PHASE_COMP_SWEEP.md","9005","2026-08-26T14:21:16.0000000+08:00","44451DFD2AD84A012960FDF326E77C5F8891D441452825C68E31CB85658D4CD5"
"F:\DAC test","PLL_STAGE3D_PHASE_FRAME_AUDIT.md","F:\DAC test\PLL_STAGE3D_PHASE_FRAME_AUDIT.md","9551","2026-08-26T14:31:58.0000000+08:00","7129E9B846FA548E6ADD1C7F997EF263085B50A1E72EE5A3ED9933502DBA090D"
"F:\DAC test","PLL_STAGE3D_PHASE_REFERENCE_AUDIT.md","F:\DAC test\PLL_STAGE3D_PHASE_REFERENCE_AUDIT.md","8616","2026-08-26T14:26:54.0000000+08:00","CE0903BAFD1133F603AC168722C8A01C555D6A243F068CB8C0DA9410BBAAFD1F"
"F:\DAC test","FIXED60_PHASE40K_INTEGRATION.zip","F:\DAC test\FIXED60_PHASE40K_INTEGRATION.zip","46939","2026-09-10T15:37:38.0000000+08:00","38F5E24D01A446A36E3DD38BD43BC3E3239A352FD47C05928D85C3C74DC670B4"
"F:\DAC test","DAC teat.sxsch","F:\DAC test\DAC teat.sxsch","224030","2026-09-10T19:23:52.0000000+08:00","0BBE9766D0BC11DF64A2E23F3D8A785B84617BFC56D42BD0ADAF3A5409DB3CAF"
"F:\DAC test","CURRENT_POLARITY_STARTUP_AUDIT_OUTPUTS\first_released_carrier_edges.csv","F:\DAC test\CURRENT_POLARITY_STARTUP_AUDIT_OUTPUTS\first_released_carrier_edges.csv","407","2026-08-26T15:26:44.0000000+08:00","846C8B89F26619DAEAAA5CA9E113744E11A0E0CE1EA91446E280615697913F52"
"F:\DAC test","CURRENT_POLARITY_STARTUP_AUDIT_OUTPUTS\startup_release_100ticks.csv","F:\DAC test\CURRENT_POLARITY_STARTUP_AUDIT_OUTPUTS\startup_release_100ticks.csv","22788","2026-08-26T15:26:44.0000000+08:00","7776A58B85E086F6F38B68003EB282DC74B72F36D1123F22CEC978062DDDC2C9"
"F:\DAC test","CURRENT_REFERENCE_INTERPOLATION_PLOTS\interpolation_trace.csv","F:\DAC test\CURRENT_REFERENCE_INTERPOLATION_PLOTS\interpolation_trace.csv","396750","2026-08-26T14:57:22.0000000+08:00","194CCECEA976F3BE2AB3F5ACC26929CDE2F14E12491F567C507016301051A4BE"
"F:\DAC test","CURRENT_REFERENCE_INTERPOLATION_PLOTS\sine_reference_overlay.svg","F:\DAC test\CURRENT_REFERENCE_INTERPOLATION_PLOTS\sine_reference_overlay.svg","139498","2026-08-26T14:57:56.0000000+08:00","26DB58F90501F399957F66AFFBDFDF38AA0BD631D0FC35755EDCAF764CE628FC"
"F:\DAC test","CURRENT_REFERENCE_INTERPOLATION_PLOTS\theta_hold.svg","F:\DAC test\CURRENT_REFERENCE_INTERPOLATION_PLOTS\theta_hold.svg","46956","2026-08-26T14:57:22.0000000+08:00","3C509359BAD274717399A486A35D475AE38A68E8807E77CFD309AE65D8BB87DC"
"F:\DAC test","CURRENT_REFERENCE_INTERPOLATION_PLOTS\theta_ideal_40k.svg","F:\DAC test\CURRENT_REFERENCE_INTERPOLATION_PLOTS\theta_ideal_40k.svg","46956","2026-08-26T14:57:22.0000000+08:00","A374841BA08AD9A6B1E33CFA7092B60E7A1922F6A9E09283E303112E32DA8B05"
"F:\DAC test","CURRENT_REFERENCE_INTERPOLATION_PLOTS\theta_interp_active.svg","F:\DAC test\CURRENT_REFERENCE_INTERPOLATION_PLOTS\theta_interp_active.svg","46966","2026-08-26T14:57:22.0000000+08:00","B5F37D2E322B894F41AAA80161F6482BE22C83DB67D991FAA5C94D630126BEDF"
"F:\DAC test","CURRENT_REFERENCE_INTERPOLATION_PLOTS\theta_overlay.svg","F:\DAC test\CURRENT_REFERENCE_INTERPOLATION_PLOTS\theta_overlay.svg","140261","2026-08-26T14:57:22.0000000+08:00","A6DD3EB1B9E4D33073414951BF773F0492BADB3AA418913E09715926A5ECB4C3"
"F:\DAC test","CURRENT_REFERENCE_INTERPOLATION_PLOTS\theta_unwrapped_overlay.svg","F:\DAC test\CURRENT_REFERENCE_INTERPOLATION_PLOTS\theta_unwrapped_overlay.svg","140350","2026-08-26T14:57:22.0000000+08:00","9152D5841D83543DC9C60EBB160D413C5E8E22AFA712E2FFAECF7FAF5FC4BC8A"
"F:\DAC test","FULL_CONTROLLER_DRY_RUN_STAGE1_FINAL_OUTPUTS\case_summary.csv","F:\DAC test\FULL_CONTROLLER_DRY_RUN_STAGE1_FINAL_OUTPUTS\case_summary.csv","767","2026-08-26T15:34:28.0000000+08:00","3372B01A43234A0871B33FF99D526C3FB32E622437F21D8AFA65E82B6E6DFD3A"
"F:\DAC test","FULL_CONTROLLER_DRY_RUN_STAGE1_FINAL_OUTPUTS\MODE_A_zero_feedback.csv","F:\DAC test\FULL_CONTROLLER_DRY_RUN_STAGE1_FINAL_OUTPUTS\MODE_A_zero_feedback.csv","355210","2026-08-26T15:34:20.0000000+08:00","F91F7B6713FB31ED7D778A3D6DA6302FFC7DA326DD5665A8B28AB5E1DB05A688"
"F:\DAC test","FULL_CONTROLLER_DRY_RUN_STAGE1_FINAL_OUTPUTS\MODE_A_zero_feedback.svg","F:\DAC test\FULL_CONTROLLER_DRY_RUN_STAGE1_FINAL_OUTPUTS\MODE_A_zero_feedback.svg","19946","2026-08-26T15:34:20.0000000+08:00","D1556B617E5CF39D176DABC725973C81E11FCE8B4C9BDB613243E6546877CCF9"
"F:\DAC test","FULL_CONTROLLER_DRY_RUN_STAGE1_FINAL_OUTPUTS\MODE_B_ideal_tracking.csv","F:\DAC test\FULL_CONTROLLER_DRY_RUN_STAGE1_FINAL_OUTPUTS\MODE_B_ideal_tracking.csv","341765","2026-08-26T15:34:20.0000000+08:00","AEF835DF56E303E5B5EEF0705D6862F6A87F8A97A64F0F4F9A42396BA0FC3221"
"F:\DAC test","FULL_CONTROLLER_DRY_RUN_STAGE1_FINAL_OUTPUTS\MODE_B_ideal_tracking.svg","F:\DAC test\FULL_CONTROLLER_DRY_RUN_STAGE1_FINAL_OUTPUTS\MODE_B_ideal_tracking.svg","20682","2026-08-26T15:34:20.0000000+08:00","5C4F7726DD0DA015B80D5D2619325261A62A47077DC91A4A7C95FAD68B819B0C"
"F:\DAC test","FULL_CONTROLLER_DRY_RUN_STAGE1_FINAL_OUTPUTS\MODE_C_gain_0p8.csv","F:\DAC test\FULL_CONTROLLER_DRY_RUN_STAGE1_FINAL_OUTPUTS\MODE_C_gain_0p8.csv","355724","2026-08-26T15:34:22.0000000+08:00","046D11E3884F524290E3B4E6C33ABDB820C3484305FB982EF50A15F975BF99D9"
"F:\DAC test","FULL_CONTROLLER_DRY_RUN_STAGE1_FINAL_OUTPUTS\MODE_C_gain_0p8.svg","F:\DAC test\FULL_CONTROLLER_DRY_RUN_STAGE1_FINAL_OUTPUTS\MODE_C_gain_0p8.svg","20615","2026-08-26T15:34:22.0000000+08:00","0F79CB6430BF00832A59F56A2F9E0AEBC41312B8CC466A5E7AED4780634CB3AE"
"F:\DAC test","FULL_CONTROLLER_DRY_RUN_STAGE1_FINAL_OUTPUTS\MODE_C_gain_1p2.csv","F:\DAC test\FULL_CONTROLLER_DRY_RUN_STAGE1_FINAL_OUTPUTS\MODE_C_gain_1p2.csv","365772","2026-08-26T15:34:22.0000000+08:00","8B9995016C198B644A80A1CBB65FB0880F9C7146EA9F1CA6C97EF195DBBDBC27"
"F:\DAC test","FULL_CONTROLLER_DRY_RUN_STAGE1_FINAL_OUTPUTS\MODE_C_gain_1p2.svg","F:\DAC test\FULL_CONTROLLER_DRY_RUN_STAGE1_FINAL_OUTPUTS\MODE_C_gain_1p2.svg","20711","2026-08-26T15:34:22.0000000+08:00","5DF08F4AC3CF763664DB28C005DAAC3210DB1613C9BAF3C4EE85D10BCB89E95C"
"F:\DAC test","FULL_CONTROLLER_DRY_RUN_STAGE1_FINAL_OUTPUTS\natural_transition.csv","F:\DAC test\FULL_CONTROLLER_DRY_RUN_STAGE1_FINAL_OUTPUTS\natural_transition.csv","44267","2026-08-26T15:34:28.0000000+08:00","73FD684E289A7C8A570DB8054B8E91D1BDC8CA7D57D1B9A865AE3972EEA879E9"
"F:\DAC test","FULL_CONTROLLER_DRY_RUN_STAGE1_FINAL_OUTPUTS\phase_lag_10deg.csv","F:\DAC test\FULL_CONTROLLER_DRY_RUN_STAGE1_FINAL_OUTPUTS\phase_lag_10deg.csv","356870","2026-08-26T15:34:26.0000000+08:00","8EF18E9640DE7B3C31354DB8CCD5ECAD5BAD8838EA51810F8F9228696A77182E"
"F:\DAC test","FULL_CONTROLLER_DRY_RUN_STAGE1_FINAL_OUTPUTS\phase_lag_10deg.svg","F:\DAC test\FULL_CONTROLLER_DRY_RUN_STAGE1_FINAL_OUTPUTS\phase_lag_10deg.svg","20677","2026-08-26T15:34:26.0000000+08:00","0CC10C7905AEE245F81701988418F3DFDE5E0E26D29F542FA00FFCEA91BA9FDB"
"F:\DAC test","FULL_CONTROLLER_DRY_RUN_STAGE1_FINAL_OUTPUTS\phase_lag_2deg.csv","F:\DAC test\FULL_CONTROLLER_DRY_RUN_STAGE1_FINAL_OUTPUTS\phase_lag_2deg.csv","347480","2026-08-26T15:34:24.0000000+08:00","768660F2E53229D7FF93682A12DD5993B9BF6089CC9D27960F83D3BB1DAD17F4"
"F:\DAC test","FULL_CONTROLLER_DRY_RUN_STAGE1_FINAL_OUTPUTS\phase_lag_2deg.svg","F:\DAC test\FULL_CONTROLLER_DRY_RUN_STAGE1_FINAL_OUTPUTS\phase_lag_2deg.svg","20676","2026-08-26T15:34:24.0000000+08:00","37F04301B7A2D35A6E66A61E0E6C6BA2A17C9BD03F3068E0D0604F9ECAE64AC4"
"F:\DAC test","FULL_CONTROLLER_DRY_RUN_STAGE1_FINAL_OUTPUTS\phase_lag_5deg.csv","F:\DAC test\FULL_CONTROLLER_DRY_RUN_STAGE1_FINAL_OUTPUTS\phase_lag_5deg.csv","349857","2026-08-26T15:34:24.0000000+08:00","4AFD40D37DD225C96BCF609872C3BAD40410F85B3C8844E88E2F4AC3675F8C0E"
"F:\DAC test","FULL_CONTROLLER_DRY_RUN_STAGE1_FINAL_OUTPUTS\phase_lag_5deg.svg","F:\DAC test\FULL_CONTROLLER_DRY_RUN_STAGE1_FINAL_OUTPUTS\phase_lag_5deg.svg","20677","2026-08-26T15:34:24.0000000+08:00","0959895173DA7EC346C246ECE6EE1C37F23EE6D0C58157CC480D92ED9EA5AA95"
"F:\DAC test","FULL_CONTROLLER_DRY_RUN_STAGE1_FINAL_OUTPUTS\phase_lead_2deg.csv","F:\DAC test\FULL_CONTROLLER_DRY_RUN_STAGE1_FINAL_OUTPUTS\phase_lead_2deg.csv","339770","2026-08-26T15:34:26.0000000+08:00","C9BEDE4F66AC9F01ADC6BCE2E68EF93F701E4E2A45AA5514004159995893F893"
"F:\DAC test","FULL_CONTROLLER_DRY_RUN_STAGE1_FINAL_OUTPUTS\phase_lead_2deg.svg","F:\DAC test\FULL_CONTROLLER_DRY_RUN_STAGE1_FINAL_OUTPUTS\phase_lead_2deg.svg","20677","2026-08-26T15:34:26.0000000+08:00","611E0EDADCCE702769F63AA8DECE6BC75BA89FAD41EAC782D17913D96F9A18CA"
"F:\DAC test","FULL_CONTROLLER_DRY_RUN_STAGE1_FINAL_OUTPUTS\phase_lead_5deg.csv","F:\DAC test\FULL_CONTROLLER_DRY_RUN_STAGE1_FINAL_OUTPUTS\phase_lead_5deg.csv","352712","2026-08-26T15:34:28.0000000+08:00","ED694BB2FD9E12428FF1463B431FD35FA2CBDAA76716553657428E56DF69537B"
"F:\DAC test","FULL_CONTROLLER_DRY_RUN_STAGE1_FINAL_OUTPUTS\phase_lead_5deg.svg","F:\DAC test\FULL_CONTROLLER_DRY_RUN_STAGE1_FINAL_OUTPUTS\phase_lead_5deg.svg","20678","2026-08-26T15:34:28.0000000+08:00","D91F328E76C461229D06A5E81318A5AA66BF840589D690AE127CFB6E42F16B6B"
"F:\DAC test","FULL_CONTROLLER_STAGE1_CONTINUATION_PLOTS\exact_table_wave.csv","F:\DAC test\FULL_CONTROLLER_STAGE1_CONTINUATION_PLOTS\exact_table_wave.csv","549225","2026-08-26T15:04:52.0000000+08:00","06107FDA48D400DB91E47B7E82E3C2A02D7BC51CB42743BC8A31E336B215B964"
"F:\DAC test","FULL_CONTROLLER_STAGE1_CONTINUATION_PLOTS\ideal_vs_table_5cycles.svg","F:\DAC test\FULL_CONTROLLER_STAGE1_CONTINUATION_PLOTS\ideal_vs_table_5cycles.svg","185774","2026-08-26T15:05:28.0000000+08:00","9D33CCAB66EF6D252575FD00CEF2D26F08D28342F5A9ED17C981B4533373A818"
"F:\DAC test","FULL_CONTROLLER_STAGE1_CONTINUATION_PLOTS\mode_transition_phase_amplitude_summary.csv","F:\DAC test\FULL_CONTROLLER_STAGE1_CONTINUATION_PLOTS\mode_transition_phase_amplitude_summary.csv","787","2026-08-26T15:06:16.0000000+08:00","3F257BE43D4445E5BFDDE078493C771F6C6418CD9B41118C146AED31EB1137F7"
"F:\DAC test","FULL_CONTROLLER_STAGE1_CONTINUATION_PLOTS\mode_transition_trace.csv","F:\DAC test\FULL_CONTROLLER_STAGE1_CONTINUATION_PLOTS\mode_transition_trace.csv","52705","2026-08-26T15:04:52.0000000+08:00","2AF449DE86297009B30CAB06E7876B16FA41258716447C8854EE2A0C678EACE7"
"F:\DAC test","FULL_CONTROLLER_STAGE1_CONTINUATION_PLOTS\mode_transition_trace_100ticks.csv","F:\DAC test\FULL_CONTROLLER_STAGE1_CONTINUATION_PLOTS\mode_transition_trace_100ticks.csv","233294","2026-08-26T15:06:16.0000000+08:00","4BA52BB52C7BB29ABC8B26810E89346CFE0DB4690D1AA16C4A7238D6A31D22F4"
"F:\DAC test","FULL_CONTROLLER_STAGE1_CONTINUATION_PLOTS\peak_zoom.svg","F:\DAC test\FULL_CONTROLLER_STAGE1_CONTINUATION_PLOTS\peak_zoom.svg","6462","2026-08-26T15:05:28.0000000+08:00","73DDD3F2703E7DB3E9B0228E42393EC5C099631E97870545E840C31FD41202D1"
"F:\DAC test","FULL_CONTROLLER_STAGE1_CONTINUATION_PLOTS\table_error_5cycles.svg","F:\DAC test\FULL_CONTROLLER_STAGE1_CONTINUATION_PLOTS\table_error_5cycles.svg","92876","2026-08-26T15:05:28.0000000+08:00","7156F949A3BA1621E5DF643EB5601E552E55EC08ACE25A72E207E0F3B5391E42"
"F:\DAC test","FULL_CONTROLLER_STAGE1_CONTINUATION_PLOTS\zero_crossing_zoom.svg","F:\DAC test\FULL_CONTROLLER_STAGE1_CONTINUATION_PLOTS\zero_crossing_zoom.svg","6663","2026-08-26T15:05:28.0000000+08:00","D1E1535E7059207F80743CF99FC1400C0BDD8ED34DD5FC249EA912060403F2E9"
"F:\DAC test","FULL_CONTROLLER_STAGE2_SIMPLIFIED_PLANT_OUTPUTS\fft_harmonics.csv","F:\DAC test\FULL_CONTROLLER_STAGE2_SIMPLIFIED_PLANT_OUTPUTS\fft_harmonics.csv","1322","2026-08-26T15:59:26.0000000+08:00","6EE174A9BAF6FE08CD2D46C94B43DE9FE7D9E76ACBC7DD0A17825A2371001A36"
"F:\DAC test","FULL_CONTROLLER_STAGE2_SIMPLIFIED_PLANT_OUTPUTS\fft_thd.svg","F:\DAC test\FULL_CONTROLLER_STAGE2_SIMPLIFIED_PLANT_OUTPUTS\fft_thd.svg","4239","2026-08-26T15:59:26.0000000+08:00","02D86D5CEC8D19E0B21F97502F0AC407DA9C2582B7D9E84F0AFC5ABA090DFB2B"
"F:\DAC test","FULL_CONTROLLER_STAGE2_SIMPLIFIED_PLANT_OUTPUTS\full_cycle_current_tracking.svg","F:\DAC test\FULL_CONTROLLER_STAGE2_SIMPLIFIED_PLANT_OUTPUTS\full_cycle_current_tracking.svg","6790","2026-08-26T15:59:26.0000000+08:00","DCA475EF963D282AE8D69A8D9DB3972D1358325C55DEBA6D3CBF2A66F8F19D42"
"F:\DAC test","FULL_CONTROLLER_STAGE2_SIMPLIFIED_PLANT_OUTPUTS\full_cycle_duty_mode.svg","F:\DAC test\FULL_CONTROLLER_STAGE2_SIMPLIFIED_PLANT_OUTPUTS\full_cycle_duty_mode.svg","6613","2026-08-26T15:59:26.0000000+08:00","3678ABC010A47B2238914276E08BD67A930E9F00651AE9C4BBBDA523751AA66E"
"F:\DAC test","FULL_CONTROLLER_STAGE2_SIMPLIFIED_PLANT_OUTPUTS\full_cycle_error_controller.svg","F:\DAC test\FULL_CONTROLLER_STAGE2_SIMPLIFIED_PLANT_OUTPUTS\full_cycle_error_controller.svg","4627","2026-08-26T15:59:26.0000000+08:00","BB19B346142A2721B8FAA5182D843DA20AD55FC9ABDC78298AFF1CCA0FB008B1"
"F:\DAC test","FULL_CONTROLLER_STAGE2_SIMPLIFIED_PLANT_OUTPUTS\half_0p5.csv","F:\DAC test\FULL_CONTROLLER_STAGE2_SIMPLIFIED_PLANT_OUTPUTS\half_0p5.csv","800506","2026-08-26T15:58:18.0000000+08:00","8BD59E1256AE12D7E434F9B3A62149E7CC01A1835B975321AF711574758072AA"
"F:\DAC test","FULL_CONTROLLER_STAGE2_SIMPLIFIED_PLANT_OUTPUTS\half_0p5_control.svg","F:\DAC test\FULL_CONTROLLER_STAGE2_SIMPLIFIED_PLANT_OUTPUTS\half_0p5_control.svg","90486","2026-08-26T15:58:18.0000000+08:00","2DD6CE790D0D6DFAB176C765FCFFC7A955E25A90E83815295FAF0420E32814DF"
"F:\DAC test","FULL_CONTROLLER_STAGE2_SIMPLIFIED_PLANT_OUTPUTS\half_0p5_tracking.svg","F:\DAC test\FULL_CONTROLLER_STAGE2_SIMPLIFIED_PLANT_OUTPUTS\half_0p5_tracking.svg","90536","2026-08-26T15:58:18.0000000+08:00","180E325CD79B1BE3EF09A9DD867B1BD4B0FC3030DE8D5659E2E357200A47E6F9"
"F:\DAC test","FULL_CONTROLLER_STAGE2_SIMPLIFIED_PLANT_OUTPUTS\limiter_recovery.csv","F:\DAC test\FULL_CONTROLLER_STAGE2_SIMPLIFIED_PLANT_OUTPUTS\limiter_recovery.csv","808877","2026-08-26T15:58:28.0000000+08:00","D250D90A5B517E36314C019F5AEC0C4D63073FC231C7C3DABCD01B45B0C41C29"
"F:\DAC test","FULL_CONTROLLER_STAGE2_SIMPLIFIED_PLANT_OUTPUTS\limiter_recovery.svg","F:\DAC test\FULL_CONTROLLER_STAGE2_SIMPLIFIED_PLANT_OUTPUTS\limiter_recovery.svg","13481","2026-08-26T15:59:26.0000000+08:00","9952A0F8674C11F230151E4E926D20184941AB1EBB2E5DD2941CDAA73E26C1B5"
"F:\DAC test","FULL_CONTROLLER_STAGE2_SIMPLIFIED_PLANT_OUTPUTS\limiter_recovery_control.svg","F:\DAC test\FULL_CONTROLLER_STAGE2_SIMPLIFIED_PLANT_OUTPUTS\limiter_recovery_control.svg","90494","2026-08-26T15:58:28.0000000+08:00","BA3AFD1F362193312B111279C884BC75016943A43A46E5D2A99B34627D9B06B7"
"F:\DAC test","FULL_CONTROLLER_STAGE2_SIMPLIFIED_PLANT_OUTPUTS\limiter_recovery_tracking.svg","F:\DAC test\FULL_CONTROLLER_STAGE2_SIMPLIFIED_PLANT_OUTPUTS\limiter_recovery_tracking.svg","91331","2026-08-26T15:58:28.0000000+08:00","873E5B401FFC732002941FFA0E6FBBEBDE1A653D7844C756D8D3216323C965ED"
"F:\DAC test","FULL_CONTROLLER_STAGE2_SIMPLIFIED_PLANT_OUTPUTS\natural_transition.csv","F:\DAC test\FULL_CONTROLLER_STAGE2_SIMPLIFIED_PLANT_OUTPUTS\natural_transition.csv","87495","2026-08-26T15:58:28.0000000+08:00","DDBCCC96FFD6C2F7309F1E700533E5960C9715B342916F06FC440A6E07B3F1DF"
"F:\DAC test","FULL_CONTROLLER_STAGE2_SIMPLIFIED_PLANT_OUTPUTS\nominal_1p0.csv","F:\DAC test\FULL_CONTROLLER_STAGE2_SIMPLIFIED_PLANT_OUTPUTS\nominal_1p0.csv","796634","2026-08-26T15:58:20.0000000+08:00","60C07FF46678827DCE405BAAE7CF83B2B078362BA8D20DA75F873A6BD11D8326"
"F:\DAC test","FULL_CONTROLLER_STAGE2_SIMPLIFIED_PLANT_OUTPUTS\nominal_1p0_control.svg","F:\DAC test\FULL_CONTROLLER_STAGE2_SIMPLIFIED_PLANT_OUTPUTS\nominal_1p0_control.svg","90489","2026-08-26T15:58:20.0000000+08:00","CB0E1EE567EF48F457DA27F7652341473F0289442B5BBC9BF68D0CF0DEBD5788"
"F:\DAC test","FULL_CONTROLLER_STAGE2_SIMPLIFIED_PLANT_OUTPUTS\nominal_1p0_tracking.svg","F:\DAC test\FULL_CONTROLLER_STAGE2_SIMPLIFIED_PLANT_OUTPUTS\nominal_1p0_tracking.svg","90540","2026-08-26T15:58:20.0000000+08:00","AA22C7B5F46D0E05771DCD7AEB0D0652EED2FB233C2F0996E4308C3D6F9AD150"
"F:\DAC test","FULL_CONTROLLER_STAGE2_SIMPLIFIED_PLANT_OUTPUTS\small_0p25.csv","F:\DAC test\FULL_CONTROLLER_STAGE2_SIMPLIFIED_PLANT_OUTPUTS\small_0p25.csv","799238","2026-08-26T15:58:14.0000000+08:00","5B0C7763AD16396C1A651F7545CE84E09D087D7E670608C116B8A2D5A4168C20"
"F:\DAC test","FULL_CONTROLLER_STAGE2_SIMPLIFIED_PLANT_OUTPUTS\small_0p25_control.svg","F:\DAC test\FULL_CONTROLLER_STAGE2_SIMPLIFIED_PLANT_OUTPUTS\small_0p25_control.svg","90488","2026-08-26T15:58:16.0000000+08:00","81B33E985A55E458293D66071BB57A986D79460A5842F819177550492AAB643B"
"F:\DAC test","FULL_CONTROLLER_STAGE2_SIMPLIFIED_PLANT_OUTPUTS\small_0p25_tracking.svg","F:\DAC test\FULL_CONTROLLER_STAGE2_SIMPLIFIED_PLANT_OUTPUTS\small_0p25_tracking.svg","90538","2026-08-26T15:58:16.0000000+08:00","817E4595935F2BC62043CA4F6FDDD21671F0A872153484934B6F41F95161F35C"
"F:\DAC test","FULL_CONTROLLER_STAGE2_SIMPLIFIED_PLANT_OUTPUTS\stage2_summary.csv","F:\DAC test\FULL_CONTROLLER_STAGE2_SIMPLIFIED_PLANT_OUTPUTS\stage2_summary.csv","1337","2026-08-26T15:58:28.0000000+08:00","05EA9CAA6BF430377F0A984E20B7E121E672A5CD0F1B16C77CF405C4CAEC6E33"
"F:\DAC test","FULL_CONTROLLER_STAGE2_SIMPLIFIED_PLANT_OUTPUTS\step_0p25_to_0p5.csv","F:\DAC test\FULL_CONTROLLER_STAGE2_SIMPLIFIED_PLANT_OUTPUTS\step_0p25_to_0p5.csv","799902","2026-08-26T15:58:22.0000000+08:00","1100E3EE5A6C45EF98A0E0C195ABDD359FE62D84880C634BE3E6F50E32931262"
"F:\DAC test","FULL_CONTROLLER_STAGE2_SIMPLIFIED_PLANT_OUTPUTS\step_0p25_to_0p5_control.svg","F:\DAC test\FULL_CONTROLLER_STAGE2_SIMPLIFIED_PLANT_OUTPUTS\step_0p25_to_0p5_control.svg","90494","2026-08-26T15:58:24.0000000+08:00","0A6986740AD5C1C8AF3B75E822235F49B01F34FF7D0E940F90850F559E1F7512"
"F:\DAC test","FULL_CONTROLLER_STAGE2_SIMPLIFIED_PLANT_OUTPUTS\step_0p25_to_0p5_tracking.svg","F:\DAC test\FULL_CONTROLLER_STAGE2_SIMPLIFIED_PLANT_OUTPUTS\step_0p25_to_0p5_tracking.svg","91058","2026-08-26T15:58:24.0000000+08:00","887583E73C68E31843BB213FE3A7C697731C43F479957471500FD8BC70B6E9A1"
"F:\DAC test","FULL_CONTROLLER_STAGE2_SIMPLIFIED_PLANT_OUTPUTS\step_0p5_to_1p0.csv","F:\DAC test\FULL_CONTROLLER_STAGE2_SIMPLIFIED_PLANT_OUTPUTS\step_0p5_to_1p0.csv","798525","2026-08-26T15:58:26.0000000+08:00","286D63F50BAC542C19307CA7A857748799E9C6C0470A03D6E51854E8C1A44B81"
"F:\DAC test","FULL_CONTROLLER_STAGE2_SIMPLIFIED_PLANT_OUTPUTS\step_0p5_to_1p0_control.svg","F:\DAC test\FULL_CONTROLLER_STAGE2_SIMPLIFIED_PLANT_OUTPUTS\step_0p5_to_1p0_control.svg","90493","2026-08-26T15:58:26.0000000+08:00","9BB7B0F3290D998F4A5505D80D7B35DD02F2365882C0A5B3370E93492B167683"
"F:\DAC test","FULL_CONTROLLER_STAGE2_SIMPLIFIED_PLANT_OUTPUTS\step_0p5_to_1p0_tracking.svg","F:\DAC test\FULL_CONTROLLER_STAGE2_SIMPLIFIED_PLANT_OUTPUTS\step_0p5_to_1p0_tracking.svg","91057","2026-08-26T15:58:26.0000000+08:00","FB9857849C6D3698064D1DF0E5A9CC6394439B2BA51AE2B876EDB505982C08D9"
"F:\DAC test","FULL_CONTROLLER_STAGE2_SIMPLIFIED_PLANT_OUTPUTS\transition_zoom.svg","F:\DAC test\FULL_CONTROLLER_STAGE2_SIMPLIFIED_PLANT_OUTPUTS\transition_zoom.svg","1314","2026-08-26T15:59:26.0000000+08:00","651EFE7E6BE96302754C5F5C2E41FB76A6687CF2A0E0A2B9DE6DFA9F78721635"
"F:\DAC test","FULL_CONTROLLER_STAGE2_SIMPLIFIED_PLANT_OUTPUTS\zero_cross_zoom.svg","F:\DAC test\FULL_CONTROLLER_STAGE2_SIMPLIFIED_PLANT_OUTPUTS\zero_cross_zoom.svg","1496","2026-08-26T15:59:26.0000000+08:00","2675A30AFA42F7E79239ED9CE616A76558144E82BF4FE3BBB1AA29396FED0159"
"F:\DAC test","FIXED60_PHASE40K_INTEGRATION\README.md","F:\DAC test\FIXED60_PHASE40K_INTEGRATION\README.md","11888","2026-09-10T15:01:24.0000000+08:00","5AA5548D4B3A7FE750F551341DC3BFD8494C69D6912FD00AAF81C65A96876A08"
"F:\DAC test","FIXED60_PHASE40K_INTEGRATION\MATLAB.zip","F:\DAC test\FIXED60_PHASE40K_INTEGRATION\MATLAB.zip","21123","2026-09-10T16:32:04.0000000+08:00","49DCDFB8B592EB3425E1AB09FE35376C63546F3ECFC649BD4D4AB17ADDA39592"
"F:\DAC test","FIXED60_PHASE40K_INTEGRATION\SIMPLIS_CONTROLLER_SETUP.md","F:\DAC test\FIXED60_PHASE40K_INTEGRATION\SIMPLIS_CONTROLLER_SETUP.md","18096","2026-09-10T18:50:36.0000000+08:00","8555E890C791235F7893AB5D7BAADFFA883144955711937425F109EF97C435BB"
"F:\DAC test","FIXED60_PHASE40K_INTEGRATION\MATLAB\stage17_model_60hz.m","F:\DAC test\FIXED60_PHASE40K_INTEGRATION\MATLAB\stage17_model_60hz.m","4815","2026-09-10T14:33:42.0000000+08:00","EA6674FDB66394C3B62B3C3BA2A886D3C06ADAAF21ADBC6EB61858AD1C50DD76"
"F:\DAC test","FIXED60_PHASE40K_INTEGRATION\MATLAB\firmware_config.m","F:\DAC test\FIXED60_PHASE40K_INTEGRATION\MATLAB\firmware_config.m","1041","2026-09-10T13:05:34.0000000+08:00","EAC61689754FAEF6FBEF6707FDBAF6BB0798224ADB35C40D3D2E2274BD1B3871"
"F:\DAC test","FIXED60_PHASE40K_INTEGRATION\MATLAB\sin_table.csv","F:\DAC test\FIXED60_PHASE40K_INTEGRATION\MATLAB\sin_table.csv","2259","2026-09-10T13:05:34.0000000+08:00","B4D598483BBF084B8B577EEAA3FD6C60C8F8F582BAA3FE0693CA2505557AF8F0"
"F:\DAC test","FIXED60_PHASE40K_INTEGRATION\MATLAB\vref_table.csv","F:\DAC test\FIXED60_PHASE40K_INTEGRATION\MATLAB\vref_table.csv","1607","2026-09-10T13:05:36.0000000+08:00","61667C7DF0858F746E0A4951E279F525B3001F523A2E708C001A81DC160B6BE6"
"F:\DAC test","FIXED60_PHASE40K_INTEGRATION\MATLAB\reference_metrics.m","F:\DAC test\FIXED60_PHASE40K_INTEGRATION\MATLAB\reference_metrics.m","1766","2026-09-10T14:49:22.0000000+08:00","88D29F1898349D334C9925CDB95869FB95951246A07A3699C6A02C76E0703EE3"
"F:\DAC test","FIXED60_PHASE40K_INTEGRATION\MATLAB\sine_q15_ticks.m","F:\DAC test\FIXED60_PHASE40K_INTEGRATION\MATLAB\sine_q15_ticks.m","422","2026-09-10T14:49:24.0000000+08:00","AEBDAF4F62EF31BFF058CAAFC7EBE103C8248D4F4CB72705DC3D401E1B88A522"
"F:\DAC test","FIXED60_PHASE40K_INTEGRATION\MATLAB\phase_delivery_8tick.m","F:\DAC test\FIXED60_PHASE40K_INTEGRATION\MATLAB\phase_delivery_8tick.m","1810","2026-09-10T15:00:44.0000000+08:00","9CF7904F48C405569B2E25508D97FE4C5A4839A34D17C2BFB769CACD8CA473D0"
"F:\DAC test","FIXED60_PHASE40K_INTEGRATION\MATLAB\check_delivery_vectors.m","F:\DAC test\FIXED60_PHASE40K_INTEGRATION\MATLAB\check_delivery_vectors.m","1549","2026-09-10T15:00:46.0000000+08:00","2E689FE97EFD57F360C8AA9AB505E750135562613A6654D97FF2DA133E7EE969"
"F:\DAC test","FIXED60_PHASE40K_INTEGRATION\MATLAB\run_fixed60_phase40k.m","F:\DAC test\FIXED60_PHASE40K_INTEGRATION\MATLAB\run_fixed60_phase40k.m","9178","2026-09-10T15:00:56.0000000+08:00","5C4520E935FB1D552D0CE693564F0CEE1D5881DD6DBAB1D24330063501BE2CD0"
"F:\DAC test","FIXED60_PHASE40K_INTEGRATION\MATLAB\plot_fixed60_integration.m","F:\DAC test\FIXED60_PHASE40K_INTEGRATION\MATLAB\plot_fixed60_integration.m","3333","2026-09-10T15:01:00.0000000+08:00","5A13D26F09C14C149530F3192EA5BD43492D0B9FCEF770781CD342297C2AB4A1"
"F:\DAC test","FIXED60_PHASE40K_INTEGRATION\MATLAB\README.md","F:\DAC test\FIXED60_PHASE40K_INTEGRATION\MATLAB\README.md","740","2026-09-10T15:01:28.0000000+08:00","85A12EF6244DBF7C94145720CF950A667B055197F53023191CBF675B0943B964"
"F:\DAC test","FIXED60_PHASE40K_INTEGRATION\MATLAB\INTEGRATION_GUIDE.md","F:\DAC test\FIXED60_PHASE40K_INTEGRATION\MATLAB\INTEGRATION_GUIDE.md","11888","2026-09-10T15:01:38.0000000+08:00","5AA5548D4B3A7FE750F551341DC3BFD8494C69D6912FD00AAF81C65A96876A08"
"F:\DAC test","FIXED60_PHASE40K_INTEGRATION\MATLAB\export_fixed60_phase40k_short_golden.m","F:\DAC test\FIXED60_PHASE40K_INTEGRATION\MATLAB\export_fixed60_phase40k_short_golden.m","5153","2026-09-10T16:57:36.0000000+08:00","395A931DBAD43394FE1946D2A8C2A1FE0A09BEAF2E2BFB3F1A2A550F205977C9"
"F:\DAC test","FIXED60_PHASE40K_INTEGRATION\MATLAB\RESULTS\golden_fixed60_phase40k_short.csv","F:\DAC test\FIXED60_PHASE40K_INTEGRATION\MATLAB\RESULTS\golden_fixed60_phase40k_short.csv","8449841","2026-09-10T17:25:40.0000000+08:00","B6F2026667216AC88CF82C162AC72F983B0671998E02EEB04AA5DF55E27FD566"
"F:\DAC test","FIXED60_PHASE40K_INTEGRATION\VERILOG\fixed60_pll_5k_candidate.v","F:\DAC test\FIXED60_PHASE40K_INTEGRATION\VERILOG\fixed60_pll_5k_candidate.v","12236","2026-09-10T14:49:40.0000000+08:00","9BD421F6A95609065698CB24AA1C920CB1742E4B38518DC6220F8DABEA29E44C"
"F:\DAC test","FIXED60_PHASE40K_INTEGRATION\VERILOG\fixed60_pll_phase40k_candidate.v","F:\DAC test\FIXED60_PHASE40K_INTEGRATION\VERILOG\fixed60_pll_phase40k_candidate.v","15317","2026-09-10T15:01:12.0000000+08:00","A4BE11244FB417D0D769E72C96482A7B40CC004FF2E9203FB35901E839844CE6"
"F:\DAC test","FIXED60_PHASE40K_INTEGRATION\VERILOG\phase_delivery_semantics_reference.py","F:\DAC test\FIXED60_PHASE40K_INTEGRATION\VERILOG\phase_delivery_semantics_reference.py","2063","2026-09-10T16:57:36.0000000+08:00","E590733E1E4C9FC714E1B17E396E4F452BD7C7AFA0FB36C7DE36444DB2659C18"
"F:\DAC test","FIXED60_PHASE40K_INTEGRATION\VERILOG\fixed60_pll_phase40k_phase_delivery_tb.v","F:\DAC test\FIXED60_PHASE40K_INTEGRATION\VERILOG\fixed60_pll_phase40k_phase_delivery_tb.v","2894","2026-09-10T16:57:36.0000000+08:00","FB117235B54F6F9D39378A978896C337CA1E0A3CA141671AD86D5BD3A513710C"
"F:\DAC test","FIXED60_PHASE40K_INTEGRATION\VERILOG\fixed60_pll_phase40k_candidate_full_tb.v","F:\DAC test\FIXED60_PHASE40K_INTEGRATION\VERILOG\fixed60_pll_phase40k_candidate_full_tb.v","3984","2026-09-10T16:57:36.0000000+08:00","EA51B503B3C126C767747F813BA7E6268489A49823B3A3A6F0755FABADF2690A"
"F:\DAC test","FIXED60_PHASE40K_INTEGRATION\VERILOG\fixed60_pll_phase40k_candidate.vvp","F:\DAC test\FIXED60_PHASE40K_INTEGRATION\VERILOG\fixed60_pll_phase40k_candidate.vvp","118900","2026-09-10T17:43:02.0000000+08:00","E29E126AE5F29DF421C2C535AAEA625635D91333781A3B100064E26CA7766CA7"
"F:\DAC test","FIXED60_PHASE40K_INTEGRATION\VERILOG\fixed60_pll_phase40k_candidate.v.log","F:\DAC test\FIXED60_PHASE40K_INTEGRATION\VERILOG\fixed60_pll_phase40k_candidate.v.log","1072","2026-09-10T17:43:04.0000000+08:00","ED47CCD05A247F0E7A1FF13D5A00C77F5C9C2B1FCDD933DEE645A196F9E96E35"
"F:\DAC test","FIXED60_PHASE40K_INTEGRATION\VERILOG\fixed60_pll_phase40k_simplis_analog.va","F:\DAC test\FIXED60_PHASE40K_INTEGRATION\VERILOG\fixed60_pll_phase40k_simplis_analog.va","3112","2026-09-10T18:06:18.0000000+08:00","91F899BA98AAC1B51294872FCFDB334B269ACEDE4F2A7A474A9128CA2B9F4C4F"
"F:\DAC test","FIXED60_PHASE40K_INTEGRATION\VERILOG\fixed60_pll_phase40k_candidate_full_tb.v.log","F:\DAC test\FIXED60_PHASE40K_INTEGRATION\VERILOG\fixed60_pll_phase40k_candidate_full_tb.v.log","19","2026-09-10T18:14:58.0000000+08:00","5156317DDC0FD2CC07E79739EE82E8D6C46CDFA2C6575F6C44925403DB78BF13"
"F:\DAC test","FIXED60_PHASE40K_INTEGRATION\VERILOG\fixed60_pll_phase40k_phase_delivery_tb.v.log","F:\DAC test\FIXED60_PHASE40K_INTEGRATION\VERILOG\fixed60_pll_phase40k_phase_delivery_tb.v.log","19","2026-09-10T18:15:12.0000000+08:00","5156317DDC0FD2CC07E79739EE82E8D6C46CDFA2C6575F6C44925403DB78BF13"
"F:\DAC test","FIXED60_PHASE40K_INTEGRATION\RESULTS\INVENTORY_BEFORE.csv","F:\DAC test\FIXED60_PHASE40K_INTEGRATION\RESULTS\INVENTORY_BEFORE.csv","8337","2026-09-10T14:47:30.0000000+08:00","47B489AB0EC61C4221F971EA8ADF33CDD695950CB1024B77CB965439B941202E"
"F:\DAC test","FIXED60_PHASE40K_INTEGRATION\RESULTS\OLD_FILES_SHA256.csv","F:\DAC test\FIXED60_PHASE40K_INTEGRATION\RESULTS\OLD_FILES_SHA256.csv","14476","2026-09-10T14:47:30.0000000+08:00","6EF32093C20A806DCA3BE0B0CA7E6D68BC64C79E0EA4D8537824135C48F88C55"
"F:\DAC test","FIXED60_PHASE40K_INTEGRATION\RESULTS\FIRMWARE_SHA256.csv","F:\DAC test\FIXED60_PHASE40K_INTEGRATION\RESULTS\FIRMWARE_SHA256.csv","433","2026-09-10T14:47:30.0000000+08:00","7DA866CC56CCE3214E0605218C88D10D661DC6A622C2632A7BD28C39334F231D"
"F:\DAC test","FIXED60_PHASE40K_INTEGRATION\RESULTS\MODEL_SOURCE_SHA256.csv","F:\DAC test\FIXED60_PHASE40K_INTEGRATION\RESULTS\MODEL_SOURCE_SHA256.csv","323","2026-09-10T14:47:30.0000000+08:00","91279D23D656E9ECC4372C98E59CA75B9250C6064E67AE677C541B76A9FAFFB1"
"F:\DAC test","FIXED60_PHASE40K_INTEGRATION\RESULTS\README.md","F:\DAC test\FIXED60_PHASE40K_INTEGRATION\RESULTS\README.md","834","2026-09-10T14:49:28.0000000+08:00","ED738B49E8F5F6B6D316205C14C46744FCE90BEF50758582CDF6DFEAD8A739B8"
"F:\DAC test","FIXED60_PHASE40K_INTEGRATION\RESULTS\INVENTORY_CLASSIFICATION.md","F:\DAC test\FIXED60_PHASE40K_INTEGRATION\RESULTS\INVENTORY_CLASSIFICATION.md","1907","2026-09-10T14:49:42.0000000+08:00","0568E6EBB379FC2E878FAF4851F2B20552D44BC2A317CFC5AF66E3AE0B3BE165"
"F:\DAC test","FIXED60_PHASE40K_INTEGRATION\RESULTS\DELIVERY_INPUT_SHA256.csv","F:\DAC test\FIXED60_PHASE40K_INTEGRATION\RESULTS\DELIVERY_INPUT_SHA256.csv","761","2026-09-10T15:00:40.0000000+08:00","116E28CAB197A5F8601F37B56C7E4EF66302983E11931E018A5571620CF170EE"
"F:\DAC test","FIXED60_PHASE40K_INTEGRATION\RESULTS\DELIVERY_PREPARATION.md","F:\DAC test\FIXED60_PHASE40K_INTEGRATION\RESULTS\DELIVERY_PREPARATION.md","659","2026-09-10T15:01:40.0000000+08:00","F888C33F4F77A32ACAF906E708608802637574FB04CFB63B449E0541949ABE49"
"F:\DAC test","FIXED60_PHASE40K_INTEGRATION\RESULTS\SIMPLIS_INTERFACE_READONLY_AUDIT.json","F:\DAC test\FIXED60_PHASE40K_INTEGRATION\RESULTS\SIMPLIS_INTERFACE_READONLY_AUDIT.json","12132","2026-09-10T18:32:12.0000000+08:00","49235DDEF47692C0CE31C8F935A7B0F070F0E38EB1C4099F7752EAE3CD4B9CCA"
"F:\DAC test","FIXED60_PHASE40K_INTEGRATION\ADC_ONLY_CALIBRATION\generate_native_adc.sxscr","F:\DAC test\FIXED60_PHASE40K_INTEGRATION\ADC_ONLY_CALIBRATION\generate_native_adc.sxscr","303","2026-09-10T18:37:04.0000000+08:00","0862625666A2F00159219EF31380F5ABF09BB874C41C6DA3B54DE2066F254F92"
"F:\DAC test","FIXED60_PHASE40K_INTEGRATION\ADC_ONLY_CALIBRATION\native_adc_generated.net","F:\DAC test\FIXED60_PHASE40K_INTEGRATION\ADC_ONLY_CALIBRATION\native_adc_generated.net","3960","2026-09-10T18:37:24.0000000+08:00","10266C75B069A8C78BB15E121123CCE46B6043D3443B020117EC8ED6945EDA97"
"F:\DAC test","FIXED60_PHASE40K_INTEGRATION\ADC_ONLY_CALIBRATION\point_00.net","F:\DAC test\FIXED60_PHASE40K_INTEGRATION\ADC_ONLY_CALIBRATION\point_00.net","1930","2026-09-10T18:38:20.0000000+08:00","A0DAD3DE28223928A758FFDF2A50E24483CBB03167803D8D8843F7CC5CAEB2E9"
"F:\DAC test","FIXED60_PHASE40K_INTEGRATION\ADC_ONLY_CALIBRATION\run_point_00.sxscr","F:\DAC test\FIXED60_PHASE40K_INTEGRATION\ADC_ONLY_CALIBRATION\run_point_00.sxscr","448","2026-09-10T18:38:20.0000000+08:00","E85A7F1F386A68EA57EFA8504981E8BF90338B6AADCCF0B802E7062C3CAA25D1"
"F:\DAC test","FIXED60_PHASE40K_INTEGRATION\ADC_ONLY_CALIBRATION\point_00.deck","F:\DAC test\FIXED60_PHASE40K_INTEGRATION\ADC_ONLY_CALIBRATION\point_00.deck","1563","2026-09-10T18:38:20.0000000+08:00","EF4837A83E1975676A568761C5D0E583C2BFBD26A1F0024573FCE5EB9B4CB2DD"
"F:\DAC test","FIXED60_PHASE40K_INTEGRATION\ADC_ONLY_CALIBRATION\point_00_raw.txt","F:\DAC test\FIXED60_PHASE40K_INTEGRATION\ADC_ONLY_CALIBRATION\point_00_raw.txt","0","2026-09-10T18:38:20.0000000+08:00","E3B0C44298FC1C149AFBF4C8996FB92427AE41E4649B934CA495991B7852B855"
"F:\DAC test","FIXED60_PHASE40K_INTEGRATION\ADC_ONLY_CALIBRATION\simulation_errors.txt","F:\DAC test\FIXED60_PHASE40K_INTEGRATION\ADC_ONLY_CALIBRATION\simulation_errors.txt","0","2026-09-10T18:38:50.0000000+08:00","E3B0C44298FC1C149AFBF4C8996FB92427AE41E4649B934CA495991B7852B855"
"F:\DAC test","FIXED60_PHASE40K_INTEGRATION\ADC_ONLY_CALIBRATION\point_01.net","F:\DAC test\FIXED60_PHASE40K_INTEGRATION\ADC_ONLY_CALIBRATION\point_01.net","1952","2026-09-10T18:44:52.0000000+08:00","F8C0339593734F1C8A116373EF2FE1CB391C83EFC05209C65332FF182D0EED7D"
"F:\DAC test","FIXED60_PHASE40K_INTEGRATION\ADC_ONLY_CALIBRATION\point_02.net","F:\DAC test\FIXED60_PHASE40K_INTEGRATION\ADC_ONLY_CALIBRATION\point_02.net","1953","2026-09-10T18:44:52.0000000+08:00","DCCBB32D9FF97F788B9C0B70ED6893983725E7E15D7DD1C6B843C9BB15E289A9"
"F:\DAC test","FIXED60_PHASE40K_INTEGRATION\ADC_ONLY_CALIBRATION\point_03.net","F:\DAC test\FIXED60_PHASE40K_INTEGRATION\ADC_ONLY_CALIBRATION\point_03.net","1931","2026-09-10T18:44:52.0000000+08:00","EEA0D26D90D1D0D963109383FB01F4E7ACF24B1E49B1B09F9405C670EEDBD1CD"
"F:\DAC test","FIXED60_PHASE40K_INTEGRATION\ADC_ONLY_CALIBRATION\point_04.net","F:\DAC test\FIXED60_PHASE40K_INTEGRATION\ADC_ONLY_CALIBRATION\point_04.net","1952","2026-09-10T18:44:52.0000000+08:00","79811D7954567E6E1AC6D9C07A49EB8C9D69960B7A3D52A3EA2C4416C5A5EB90"
"F:\DAC test","FIXED60_PHASE40K_INTEGRATION\ADC_ONLY_CALIBRATION\point_05.net","F:\DAC test\FIXED60_PHASE40K_INTEGRATION\ADC_ONLY_CALIBRATION\point_05.net","1951","2026-09-10T18:44:52.0000000+08:00","6F8D203F9993BC7FC43B3F87E0A93DC6E4A63AC4311C94B9ED290AC6B5A11F59"
"F:\DAC test","FIXED60_PHASE40K_INTEGRATION\ADC_ONLY_CALIBRATION\point_06.net","F:\DAC test\FIXED60_PHASE40K_INTEGRATION\ADC_ONLY_CALIBRATION\point_06.net","1931","2026-09-10T18:44:52.0000000+08:00","BB78E2491A259439C2F516D39273A68D20FDEFAA92A7F70F3501A306FB09B5BC"
"F:\DAC test","FIXED60_PHASE40K_INTEGRATION\ADC_ONLY_CALIBRATION\test_points_expected_and_status.csv","F:\DAC test\FIXED60_PHASE40K_INTEGRATION\ADC_ONLY_CALIBRATION\test_points_expected_and_status.csv","630","2026-09-10T18:44:52.0000000+08:00","6439D66261067D5A3C45163445CF13532A3FA6645514E3937C42C4FA737BEA56"
"F:\DAC test","FIXED60_PHASE40K_INTEGRATION\ADC_ONLY_CALIBRATION\run_all_adc_only.sxscr","F:\DAC test\FIXED60_PHASE40K_INTEGRATION\ADC_ONLY_CALIBRATION\run_all_adc_only.sxscr","1368","2026-09-10T18:44:52.0000000+08:00","4915FCCEFD7740CFA2BE6F57CA2095B83BEDD21333FE3DEFAB4AE18BC8CE814A"
"F:\DAC test","FIXED60_PHASE40K_INTEGRATION\ADC_ONLY_CALIBRATION\README.md","F:\DAC test\FIXED60_PHASE40K_INTEGRATION\ADC_ONLY_CALIBRATION\README.md","4532","2026-09-10T18:50:36.0000000+08:00","171A85287C86CF5F2E5A290F3A38D6498E0EAF2181E98601214DB5F320C37A09"
"F:\DAC test","FIXED60_PHASE40K_INTEGRATION\ADC_ONLY_CALIBRATION\MANUAL_GUI_CALIBRATION.md","F:\DAC test\FIXED60_PHASE40K_INTEGRATION\ADC_ONLY_CALIBRATION\MANUAL_GUI_CALIBRATION.md","9155","2026-09-10T18:50:36.0000000+08:00","E22E48E4EE38E90D1CAF1ED8AC22F90BEE12E46C0EB111F59F475D8A8A8DB9A0"
"F:\DAC test","FIXED60_PHASE40K_INTEGRATION\ADC_ONLY_CALIBRATION\native_adc_template_source.sxsch","F:\DAC test\FIXED60_PHASE40K_INTEGRATION\ADC_ONLY_CALIBRATION\native_adc_template_source.sxsch","47421","2026-09-10T19:23:50.0000000+08:00","E5BC042874A2A3FFE60F84A6CDF69567E5E1E6FDD6F9081AF55BB560DFE7FC32"
"F:\DAC test","FIXED60_PHASE40K_INTEGRATION\ADC_ONLY_CALIBRATION\SIMPLIS_Data\native_adc_template_source.net","F:\DAC test\FIXED60_PHASE40K_INTEGRATION\ADC_ONLY_CALIBRATION\SIMPLIS_Data\native_adc_template_source.net","4133","2026-09-10T18:54:56.0000000+08:00","93A8F3034ABA714F88616A665DCEE0B02132BD118CE94DD27F4A716EC3F3170D"
"F:\DAC test","FIXED60_PHASE40K_INTEGRATION\ADC_ONLY_CALIBRATION\SIMPLIS_Data\native_adc_template_source.deck","F:\DAC test\FIXED60_PHASE40K_INTEGRATION\ADC_ONLY_CALIBRATION\SIMPLIS_Data\native_adc_template_source.deck","3970","2026-09-10T18:54:56.0000000+08:00","6351F9A0A062135A949B17E9A2957E720F156EA532D0003897DC92755982EDB3"
"F:\DAC test","FIXED60_PHASE40K_INTEGRATION\ADC_ONLY_CALIBRATION\SIMPLIS_Data\native_adc_template_source.deck.lst","F:\DAC test\FIXED60_PHASE40K_INTEGRATION\ADC_ONLY_CALIBRATION\SIMPLIS_Data\native_adc_template_source.deck.lst","5635","2026-09-10T18:54:56.0000000+08:00","BBB95CF493A858AF91858B4E85A217462DCDEBDF11896BF063C7BEAFB31A45A6"
"F:\DAC test","FIXED60_PHASE40K_INTEGRATION\ADC_ONLY_CALIBRATION\SIMPLIS_Data\native_adc_template_source.deck.t2","F:\DAC test\FIXED60_PHASE40K_INTEGRATION\ADC_ONLY_CALIBRATION\SIMPLIS_Data\native_adc_template_source.deck.t2","397","2026-09-10T18:54:56.0000000+08:00","FF5DE0D16571BF1F0231C6DC8911D1D6CF7E916C0B1006C54ACCAFBA91B03BAE"
"F:\DAC test","FIXED60_PHASE40K_INTEGRATION\ADC_ONLY_CALIBRATION\SIMPLIS_Data\native_adc_template_source.deck.init","F:\DAC test\FIXED60_PHASE40K_INTEGRATION\ADC_ONLY_CALIBRATION\SIMPLIS_Data\native_adc_template_source.deck.init","166","2026-09-10T18:54:56.0000000+08:00","CE313B09A42ECAB927953EC37D069825745E111AA3ECAE2B33DD72076C5B6C32"
"F:\DAC test","FIXED60_PHASE40K_INTEGRATION\ADC_ONLY_CALIBRATION\SIMPLIS_Data\native_adc_template_source.deck.dbg","F:\DAC test\FIXED60_PHASE40K_INTEGRATION\ADC_ONLY_CALIBRATION\SIMPLIS_Data\native_adc_template_source.deck.dbg","364","2026-09-10T18:54:56.0000000+08:00","209EF11D6D41E2235749B38F940E1C80808CD2823D2EAC0514714C757B841D5F"
"F:\DAC test","FIXED60_PHASE40K_INTEGRATION\ADC_ONLY_CALIBRATION\SIMPLIS_Data\native_adc_template_source.deck.GrpName","F:\DAC test\FIXED60_PHASE40K_INTEGRATION\ADC_ONLY_CALIBRATION\SIMPLIS_Data\native_adc_template_source.deck.GrpName","15","2026-09-10T18:54:56.0000000+08:00","4CEECBBA7ABD12EA50CB002063371FE5E8C0075565823AE1A80E97ABADEFC5B7"
"F:\DAC test","FIXED60_PHASE40K_INTEGRATION\ADC_ONLY_CALIBRATION\SIMPLIS_Data\native_adc_template_source.deck.t0","F:\DAC test\FIXED60_PHASE40K_INTEGRATION\ADC_ONLY_CALIBRATION\SIMPLIS_Data\native_adc_template_source.deck.t0","6366","2026-09-10T18:54:56.0000000+08:00","96948421F36AA66880F3921A6E4C5B5BC37046AB50202FF593DE9616008336B7"
"F:\DAC test","FIXED60_PHASE40K_INTEGRATION\ADC_ONLY_CALIBRATION\SIMPLIS_Data\native_adc_template_source.deck.tc","F:\DAC test\FIXED60_PHASE40K_INTEGRATION\ADC_ONLY_CALIBRATION\SIMPLIS_Data\native_adc_template_source.deck.tc","3279","2026-09-10T18:54:56.0000000+08:00","8834A143518F562F8D44F6BD09DD63746FCFDC58A51E1F2BA49C74AA4124E73E"
"F:\Boost_I_loop_inverter.X\mcc_generated_files","adc1.c","F:\Boost_I_loop_inverter.X\mcc_generated_files\adc1.c","95968","2026-05-21T16:19:56.0000000+08:00","D51A6F9652382B3538D77FDE841034193F60A9CC0BBD7F4A872F408D072998BF"
"F:\Boost_I_loop_inverter.X\mcc_generated_files","adc1.h","F:\Boost_I_loop_inverter.X\mcc_generated_files\adc1.h","32235","2026-03-16T05:44:16.0000000+08:00","6C47554C66A542A1D8F8F908728ECE71BD9787E4B6E8601F81475A67A20595C1"
"F:\Boost_I_loop_inverter.X\mcc_generated_files","adc_module_features.h","F:\Boost_I_loop_inverter.X\mcc_generated_files\adc_module_features.h","6245","2026-03-16T05:44:16.0000000+08:00","FBE83592A10A724CC8C0469F8209754134E6F07226BCFD9F04CA6C750AFEF1E3"
"F:\Boost_I_loop_inverter.X\mcc_generated_files","clock.c","F:\Boost_I_loop_inverter.X\mcc_generated_files\clock.c","4018","2026-03-16T05:44:16.0000000+08:00","20DB992D0AC9EBBE085FB8CB687E9F07A50E3EE492E019E9999B936E657A015E"
"F:\Boost_I_loop_inverter.X\mcc_generated_files","clock.h","F:\Boost_I_loop_inverter.X\mcc_generated_files\clock.h","2904","2026-03-16T05:44:16.0000000+08:00","AB42DEF45640C495ED7FFEDF8BEC394FD1170AC4917347B1657A704953089CAA"
"F:\Boost_I_loop_inverter.X\mcc_generated_files","interrupt_manager.c","F:\Boost_I_loop_inverter.X\mcc_generated_files\interrupt_manager.c","2560","2026-03-16T05:44:16.0000000+08:00","FC85DC7CE3297F5008F36F23280ABE6EE90EFE9740434CB49F08CEBC57810595"
"F:\Boost_I_loop_inverter.X\mcc_generated_files","interrupt_manager.h","F:\Boost_I_loop_inverter.X\mcc_generated_files\interrupt_manager.h","3997","2026-03-16T05:44:16.0000000+08:00","C2CA2FE6221B48134386BB832C675A7D98C8564BECEC891F02D1BD678D170891"
"F:\Boost_I_loop_inverter.X\mcc_generated_files","mcc.c","F:\Boost_I_loop_inverter.X\mcc_generated_files\mcc.c","1854","2026-03-16T05:44:16.0000000+08:00","EE06158789F090FE2CCEF4231E2BBDF4B72B37D6657128EA60337939D6B68992"
"F:\Boost_I_loop_inverter.X\mcc_generated_files","mcc.h","F:\Boost_I_loop_inverter.X\mcc_generated_files\mcc.h","2255","2026-05-21T16:02:12.0000000+08:00","72D0705DC34B5ED59CB837A684984B1B31B07932B22AACF56ADCB37D31E4D1B1"
"F:\Boost_I_loop_inverter.X\mcc_generated_files","parameter.h","F:\Boost_I_loop_inverter.X\mcc_generated_files\parameter.h","4221","2026-05-18T06:32:52.0000000+08:00","019E68650F8DBA5737A9649E3DE8093C5C51681572DA4F1BC8447B8DC627282F"
"F:\Boost_I_loop_inverter.X\mcc_generated_files","pin_manager.c","F:\Boost_I_loop_inverter.X\mcc_generated_files\pin_manager.c","3715","2026-05-21T16:02:12.0000000+08:00","B779C60FE255D0FAC88D7C24766F2B81EAADD64207DD65A0DDE463422A898D24"
"F:\Boost_I_loop_inverter.X\mcc_generated_files","pin_manager.h","F:\Boost_I_loop_inverter.X\mcc_generated_files\pin_manager.h","16429","2026-05-21T16:02:12.0000000+08:00","B37B27A6C1B2BABADD32AAADEBD001A0F5C83032B1A3FEA7719C9F7268338F12"
"F:\Boost_I_loop_inverter.X\mcc_generated_files","pll_fixed60_debug_step_sim.m","F:\Boost_I_loop_inverter.X\mcc_generated_files\pll_fixed60_debug_step_sim.m","28466","2026-05-20T19:48:58.0000000+08:00","8370097CD0CC52F5C57A8CEF09EF0CA2FAB4BD7091DDCC7126F30C88BC38EC54"
"F:\Boost_I_loop_inverter.X\mcc_generated_files","pll_mcu_lock_diagnostic.m","F:\Boost_I_loop_inverter.X\mcc_generated_files\pll_mcu_lock_diagnostic.m","19646","2026-05-18T03:58:50.0000000+08:00","B2C55636E809732A0D6CAF5290F9E08D4DC177676D3898562CEC00ADDD35CD31"
"F:\Boost_I_loop_inverter.X\mcc_generated_files","pll_sogi_mcu_exact_sim.m","F:\Boost_I_loop_inverter.X\mcc_generated_files\pll_sogi_mcu_exact_sim.m","16320","2026-05-16T14:32:26.0000000+08:00","F7ED7C9CCCA0F067E1AACA3E8A5E91D9CA04FB46BB1A5BCCDC18A1938E8B4746"
"F:\Boost_I_loop_inverter.X\mcc_generated_files","pll_sogi_rebuild_sim.m","F:\Boost_I_loop_inverter.X\mcc_generated_files\pll_sogi_rebuild_sim.m","6789","2026-05-14T11:59:34.0000000+08:00","9B067C1C39D9F68B9ED86742155059B67A36BEBDEDF9F7654F3A60FC7BB77E0F"
"F:\Boost_I_loop_inverter.X\mcc_generated_files","pll_sogi_sim.m","F:\Boost_I_loop_inverter.X\mcc_generated_files\pll_sogi_sim.m","14126","2026-05-13T17:07:06.0000000+08:00","7CB0B412BD80586B62585DF6A5877ECA2318020F274F98809FA2918AB955D8FC"
"F:\Boost_I_loop_inverter.X\mcc_generated_files","pll_state.c","F:\Boost_I_loop_inverter.X\mcc_generated_files\pll_state.c","642","2026-05-10T23:08:52.0000000+08:00","9C049671C8CDC5B666B610F2D2F209D8505F7A3F3BFE0D85B4F101D59220DDB5"
"F:\Boost_I_loop_inverter.X\mcc_generated_files","pll_state.h","F:\Boost_I_loop_inverter.X\mcc_generated_files\pll_state.h","2744","2026-03-16T05:44:16.0000000+08:00","8FCC3FF987887DE341B69557A638C44069358D4226CE43DC8D1E286D2A3B800C"
"F:\Boost_I_loop_inverter.X\mcc_generated_files","pwm.c","F:\Boost_I_loop_inverter.X\mcc_generated_files\pwm.c","25575","2026-05-21T16:20:00.0000000+08:00","4312D96C589FAB3B533D02553BF7985D392D023479602B61008068E2A8C7B482"
"F:\Boost_I_loop_inverter.X\mcc_generated_files","pwm.h","F:\Boost_I_loop_inverter.X\mcc_generated_files\pwm.h","58329","2026-03-16T05:44:16.0000000+08:00","28E676E46AE301854DC7CD1DAFC58C7B990AD56F9606DF9270E58ECBCD5E4D8F"
"F:\Boost_I_loop_inverter.X\mcc_generated_files","pwm_module_features.h","F:\Boost_I_loop_inverter.X\mcc_generated_files\pwm_module_features.h","5928","2026-03-16T05:44:16.0000000+08:00","461E4E4EAF47747148ADC2D17EA4CCCFB609964CD944EABA5DA7FA2706620449"
"F:\Boost_I_loop_inverter.X\mcc_generated_files","reset.c","F:\Boost_I_loop_inverter.X\mcc_generated_files\reset.c","4743","2026-03-16T05:44:16.0000000+08:00","48C1A30DDCF7A87E8A3A165B261E5B721793C3BDA2ED38879D48F5682E17A007"
"F:\Boost_I_loop_inverter.X\mcc_generated_files","reset.h","F:\Boost_I_loop_inverter.X\mcc_generated_files\reset.h","2649","2026-03-16T05:44:16.0000000+08:00","58B240E4924DCA5172609F7AE6513490932EC1CC504D764CE16C3DF202322232"
"F:\Boost_I_loop_inverter.X\mcc_generated_files","reset_types.h","F:\Boost_I_loop_inverter.X\mcc_generated_files\reset_types.h","3490","2026-03-16T05:44:16.0000000+08:00","12DC21ED419CD0DBAE2A5D6969D456DDBB45A24AA28A4348B3915DFA166F7788"
"F:\Boost_I_loop_inverter.X\mcc_generated_files","system.c","F:\Boost_I_loop_inverter.X\mcc_generated_files\system.c","7051","2026-05-21T16:02:12.0000000+08:00","AB126DA3F199B2EBFCF50760485F0B14497AE32AC369B1BA1F6C1E4FEB8FE6E4"
"F:\Boost_I_loop_inverter.X\mcc_generated_files","system.h","F:\Boost_I_loop_inverter.X\mcc_generated_files\system.h","3963","2026-03-16T05:44:16.0000000+08:00","3DBD4BB74D7853A992546E48A4B89237D6645553E395355DC081A89546A65037"
"F:\Boost_I_loop_inverter.X\mcc_generated_files","system_types.h","F:\Boost_I_loop_inverter.X\mcc_generated_files\system_types.h","6241","2026-03-16T05:44:16.0000000+08:00","7B6970E649300A90231291DA6386EFAFFF392C212F364374CB57CE173CC2A518"
"F:\Boost_I_loop_inverter.X\mcc_generated_files","traps.c","F:\Boost_I_loop_inverter.X\mcc_generated_files\traps.c","4991","2026-03-16T05:44:16.0000000+08:00","2DE33730AD91A23090CAB13F60C6500956FC9ABBA4303AAC77F39C08123EC8F5"
"F:\Boost_I_loop_inverter.X\mcc_generated_files","traps.h","F:\Boost_I_loop_inverter.X\mcc_generated_files\traps.h","2960","2026-03-16T05:44:16.0000000+08:00","4AF66B1F9275929117D1AC8E198EDD0CE749E6F66471A4C41A847E6D52A44966"
"F:\Boost_I_loop_inverter.X\mcc_generated_files","watchdog.h","F:\Boost_I_loop_inverter.X\mcc_generated_files\watchdog.h","2622","2026-03-16T05:44:16.0000000+08:00","CA0D1DC90DF63C2AA777AB16420FB7617B3A80466FD19BEEEFD474447A840B4B"
"F:\Boost_I_loop_inverter.X\mcc_generated_files","docs\doxygen_generator\doxyfile.doxygen","F:\Boost_I_loop_inverter.X\mcc_generated_files\docs\doxygen_generator\doxyfile.doxygen","113119","2026-05-20T16:01:22.0000000+08:00","6D014E2F32E350C19EC6A4FFB91E04B89D8445A13ED0EF95B4CD327D3DC5CE14"
"F:\Boost_I_loop_inverter.X\mcc_generated_files","docs\doxygen_generator\DoxygenLayout.xml","F:\Boost_I_loop_inverter.X\mcc_generated_files\docs\doxygen_generator\DoxygenLayout.xml","7364","2026-05-20T16:01:22.0000000+08:00","DDFC61BBC0282E2FB676CACB04B92440E1FD14C73A53089E8D5822D2B9E9EFE3"
